Unidade da Federação,1994,1995,1996,1997,1998,1999,2000,2001,2002,2003,2004,2005,2006,2007,2008,2009,2010,2011,2012,2013,2014,2015,2016,2017,2018,2019,2020,2021,2022, Total
11 Rondônia,93.0,86.0,101.0,12.0,104.0,31.0,120.0,42.0,122.0,22.0,113.0,72.0,111.0,60.0,114.0,36.0,102.0,43.0,97.0,42.0,106.0,60.0,109.0,69.0,121.0,15.0,114.0,13.0,105.0,86.0,107.0,64.0,102.0,79.0,105.0,79.0,106.0,12.0,108.0,15.0,110.0,7.0,110.0,77.0,104.0,90.0,97.0,81.0,93.0,61.0,88.0,11.0,75.0,9.0,72.0,99.0,102.0,79.0,104.0,16.0
12 Acre,61.0,1.0,110.0,92.0,84.0,33.0,95.0,83.0,99.0,73.0,97.0,32.0,112.0,32.0,134.0,96.0,132.0,91.0,121.0,7.0,116.0,13.0,110.0,46.0,116.0,2.0,122.0,55.0,108.0,57.0,109.0,37.0,114.0,23.0,109.0,63.0,105.0,0.0,106.0,16.0,104.0,59.0,105.0,90.0,99.0,23.0,96.0,83.0,100.0,93.0,93.0,86.0,71.0,81.0,69.0,23.0,80.0,47.0,103.0,51.0
13 Amazonas,41.0,0.0,88.0,38.0,112.0,77.0,109.0,65.0,108.0,68.0,117.0,20.0,118.0,46.0,108.0,31.0,107.0,78.0,109.0,89.0,118.0,64.0,130.0,49.0,127.0,52.0,125.0,35.0,121.0,18.0,120.0,83.0,115.0,98.0,117.0,27.0,124.0,16.0,116.0,92.0,120.0,39.0,110.0,79.0,95.0,87.0,93.0,82.0,96.0,97.0,93.0,27.0,91.0,93.0,95.0,59.0,117.0,46.0,108.0,53.0
14 Roraima,99.0,64.0,129.0,05.0,126.0,51.0,129.0,41.0,122.0,06.0,137.0,46.0,187.0,41.0,104.0,68.0,116.0,91.0,105.0,42.0,97.0,50.0,107.0,16.0,115.0,45.0,103.0,53.0,95.0,06.0,101.0,81.0,113.0,21.0,115.0,06.0,118.0,08.0,94.0,17.0,103.0,97.0,110.0,55.0,107.0,95.0,116.0,74.0,135.0,55.0,115.0,88.0,99.0,76.0,77.0,13.0,85.0,17.0,111.0,21.0
15 Pará,84.0,18.0,107.0,88.0,107.0,83.0,118.0,54.0,85.0,43.0,100.0,51.0,103.0,54.0,118.0,34.0,127.0,04.0,122.0,87.0,128.0,59.0,146.0,91.0,140.0,16.0,136.0,53.0,127.0,68.0,128.0,81.0,124.0,65.0,120.0,12.0,113.0,62.0,117.0,68.0,114.0,8.0,94.0,87.0,81.0,62.0,85.0,83.0,87.0,65.0,83.0,06.0,72.0,90.0,71.0,94.0,83.0,09.0,108.0,45.0
16 Amapá,0.0,94.0,46.0,118.0,90.0,88.0,07.0,104.0,39.0,132.0,84.0,117.0,68.0,181.0,41.0,129.0,05.0,123.0,55.0,121.0,20.0,123.0,56.0,121.0,68.0,113.0,26.0,115.0,66.0,115.0,77.0,115.0,69.0,111.0,74.0,105.0,80.0,117.0,07.0,118.0,80.0,121.0,56.0,113.0,86.0,93.0,89.0,102.0,95.0,100.0,27.0,90.0,67.0,95.0,79.0,89.0,92.0,113.0,65.0
17 Tocantins,0.0,0.0,101.0,56.0,112.0,98.0,115.0,70.0,119.0,50.0,110.0,23.0,122.0,08.0,113.0,06.0,102.0,09.0,109.0,27.0,110.0,81.0,111.0,61.0,109.0,12.0,107.0,30.0,104.0,01.0,100.0,84.0,102.0,60.0,98.0,29.0,92.0,02.0,103.0,00.0,107.0,48.0,99.0,23.0,104.0,75.0,104.0,06.0,112.0,41.0,91.0,95.0,91.0,30.0,120.0,44.0,106.0,72.0
21 Maranhão,66.0,55.0,104.0,50.0,100.0,79.0,118.0,82.0,118.0,90.0,122.0,25.0,122.0,28.0,122.0,47.0,118.0,94.0,119.0,88.0,129.0,81.0,132.0,83.0,138.0,46.0,141.0,55.0,134.0,02.0,132.0,63.0,125.0,32.0,122.0,77.0,114.0,07.0,113.0,39.0,108.0,16.0,103.0,64.0,90.0,11.0,105.0,69.0,105.0,11.0,83.0,57.0,65.0,81.0,70.0,78.0,83.0,63.0,111.0,03.0
22 Piauí,99.0,20.0,117.0,83.0,100.0,98.0,106.0,74.0,108.0,22.0,113.0,31.0,112.0,58.0,116.0,52.0,109.0,56.0,101.0,91.0,113.0,52.0,108.0,98.0,109.0,07.0,107.0,05.0,106.0,17.0,104.0,48.0,101.0,87.0,100.0,07.0,96.0,75.0,96.0,50.0,96.0,50.0,86.0,27.0,83.0,90.0,93.0,94.0,97.0,90.0,82.0,58.0,79.0,79.0,86.0,09.0,105.0,41.0,102.0,25.0
23 Ceará,104.0,65.0,133.0,83.0,133.0,29.0,131.0,62.0,100.0,44.0,119.0,40.0,113.0,38.0,118.0,81.0,110.0,69.0,103.0,20.0,115.0,70.0,118.0,57.0,110.0,12.0,112.0,81.0,107.0,02.0,108.0,08.0,106.0,60.0,105.0,98.0,103.0,02.0,108.0,63.0,107.0,40.0,114.0,62.0,108.0,82.0,109.0,59.0,104.0,89.0,86.0,05.0,70.0,22.0,72.0,91.0,116.0,67.0,109.0,56.0
24 Rio Grande do Norte,101.0,77.0,98.0,10.0,91.0,84.0,102.0,44.0,92.0,47.0,105.0,02.0,103.0,37.0,107.0,28.0,114.0,24.0,113.0,32.0,111.0,53.0,112.0,21.0,117.0,69.0,113.0,38.0,108.0,39.0,110.0,28.0,113.0,18.0,119.0,20.0,112.0,51.0,109.0,15.0,108.0,15.0,105.0,90.0,89.0,26.0,67.0,22.0,107.0,70.0,85.0,29.0,85.0,15.0,93.0,00.0,103.0,28.0,103.0,54.0
25 Paraíba,0.0,68.0,26.0,88.0,69.0,110.0,13.0,103.0,05.0,107.0,34.0,101.0,55.0,121.0,52.0,112.0,80.0,109.0,52.0,120.0,51.0,125.0,97.0,125.0,87.0,124.0,46.0,123.0,87.0,118.0,19.0,110.0,46.0,113.0,41.0,108.0,66.0,112.0,35.0,111.0,91.0,105.0,73.0,97.0,27.0,104.0,00.0,105.0,35.0,94.0,90.0,67.0,48.0,69.0,70.0,94.0,11.0,105.0,37.0
26 Pernambuco,84.0,38.0,121.0,43.0,119.0,72.0,138.0,95.0,133.0,72.0,141.0,20.0,124.0,76.0,118.0,78.0,123.0,86.0,126.0,01.0,121.0,69.0,117.0,31.0,116.0,60.0,114.0,41.0,113.0,27.0,112.0,83.0,107.0,59.0,110.0,45.0,106.0,89.0,105.0,68.0,108.0,55.0,110.0,06.0,98.0,90.0,97.0,25.0,106.0,53.0,92.0,07.0,79.0,28.0,82.0,62.0,99.0,14.0,111.0,88.0
27 Alagoas,0.0,82.0,07.0,77.0,34.0,89.0,31.0,96.0,86.0,111.0,97.0,116.0,01.0,111.0,00.0,122.0,14.0,115.0,74.0,123.0,39.0,118.0,76.0,117.0,42.0,110.0,48.0,101.0,06.0,113.0,67.0,101.0,57.0,99.0,87.0,107.0,00.0,112.0,47.0,108.0,03.0,102.0,18.0,104.0,97.0,110.0,92.0,112.0,92.0,91.0,54.0,72.0,15.0,74.0,66.0,102.0,74.0,103.0,97.0
28 Sergipe,0.0,119.0,02.0,116.0,50.0,124.0,60.0,125.0,01.0,125.0,90.0,114.0,80.0,112.0,29.0,105.0,13.0,104.0,74.0,107.0,35.0,104.0,81.0,106.0,32.0,104.0,82.0,104.0,40.0,101.0,53.0,90.0,89.0,98.0,60.0,92.0,28.0,96.0,61.0,99.0,77.0,105.0,80.0,97.0,11.0,98.0,50.0,106.0,33.0,85.0,41.0,77.0,85.0,89.0,54.0,106.0,93.0,104.0,90.0
29 Bahia,109.0,63.0,81.0,37.0,80.0,68.0,102.0,44.0,105.0,02.0,106.0,50.0,109.0,95.0,117.0,46.0,107.0,19.0,106.0,68.0,123.0,28.0,124.0,43.0,119.0,03.0,114.0,16.0,106.0,30.0,106.0,66.0,106.0,29.0,105.0,24.0,99.0,27.0,101.0,39.0,101.0,28.0,102.0,89.0,84.0,07.0,86.0,96.0,84.0,27.0,78.0,05.0,78.0,43.0,66.0,66.0,86.0,66.0,100.0,62.0
31 Minas Gerais,0.0,0.0,0.0,94.0,43.0,86.0,92.0,103.0,83.0,112.0,72.0,102.0,86.0,97.0,29.0,91.0,92.0,108.0,04.0,108.0,89.0,106.0,77.0,104.0,74.0,103.0,68.0,103.0,35.0,102.0,08.0,102.0,88.0,103.0,34.0,104.0,06.0,100.0,85.0,102.0,41.0,89.0,41.0,94.0,81.0,100.0,85.0,88.0,76.0,83.0,14.0,78.0,61.0,95.0,64.0,98.0,96.0
32 Espírito Santo,94.0,31.0,103.0,09.0,99.0,67.0,112.0,42.0,116.0,11.0,118.0,95.0,106.0,13.0,106.0,58.0,108.0,58.0,110.0,03.0,110.0,09.0,108.0,75.0,106.0,40.0,100.0,20.0,100.0,79.0,101.0,14.0,106.0,86.0,103.0,27.0,103.0,12.0,104.0,68.0,105.0,52.0,102.0,26.0,90.0,61.0,91.0,93.0,99.0,98.0,90.0,10.0,86.0,84.0,84.0,43.0,99.0,56.0
33 Rio de Janeiro,98.0,77.0,103.0,66.0,101.0,09.0,102.0,16.0,102.0,59.0,103.0,63.0,106.0,69.0,107.0,07.0,105.0,09.0,105.0,42.0,106.0,60.0,107.0,91.0,109.0,23.0,110.0,94.0,113.0,42.0,115.0,03.0,118.0,76.0,122.0,47.0,123.0,21.0,125.0,45.0,127.0,52.0,128.0,09.0,122.0,57.0,118.0,39.0,110.0,68.0,106.0,95.0,103.0,14.0,105.0,89.0,102.0,43.0
35 São Paulo,95.0,0.0,0.0,90.0,109.0,55.0,115.0,76.0,117.0,74.0,116.0,17.0,115.0,82.0,118.0,01.0,122.0,73.0,124.0,27.0,126.0,71.0,127.0,93.0,126.0,07.0,127.0,30.0,125.0,15.0,123.0,56.0,122.0,01.0,123.0,48.0,122.0,97.0,121.0,79.0,123.0,89.0,124.0,03.0,121.0,86.0,120.0,62.0,117.0,44.0,113.0,02.0,113.0,73.0,115.0,36.0,119.0,71.0
41 Paraná,84.0,80.0,106.0,60.0,103.0,72.0,107.0,42.0,109.0,55.0,109.0,63.0,111.0,23.0,111.0,56.0,114.0,51.0,117.0,50.0,121.0,19.0,124.0,03.0,125.0,95.0,126.0,28.0,124.0,80.0,120.0,68.0,115.0,41.0,110.0,28.0,104.0,11.0,103.0,07.0,104.0,43.0,108.0,04.0,107.0,49.0,106.0,16.0,101.0,96.0,96.0,84.0,93.0,45.0,92.0,38.0,97.0,99.0
42 Santa Catarina,107.0,53.0,104.0,55.0,105.0,78.0,109.0,84.0,110.0,07.0,111.0,16.0,112.0,94.0,116.0,21.0,120.0,75.0,122.0,41.0,122.0,89.0,122.0,16.0,120.0,01.0,116.0,33.0,113.0,75.0,113.0,60.0,113.0,49.0,114.0,28.0,114.0,09.0,115.0,17.0,115.0,52.0,117.0,55.0,119.0,60.0,118.0,36.0,114.0,88.0,112.0,94.0,113.0,53.0,115.0,26.0,120.0,42.0
43 Rio Grande do Sul,106.0,87.0,110.0,86.0,113.0,76.0,116.0,29.0,115.0,60.0,115.0,89.0,118.0,91.0,119.0,32.0,119.0,95.0,118.0,23.0,116.0,54.0,115.0,97.0,116.0,35.0,116.0,40.0,116.0,08.0,115.0,75.0,115.0,32.0,114.0,80.0,113.0,43.0,112.0,62.0,112.0,42.0,112.0,17.0,112.0,05.0,112.0,07.0,110.0,77.0,109.0,66.0,109.0,12.0,109.0,79.0,113.0,74.0
50 Mato Grosso do Sul,87.0,00.0,107.0,03.0,110.0,42.0,116.0,37.0,119.0,07.0,117.0,23.0,120.0,29.0,118.0,76.0,120.0,58.0,123.0,11.0,126.0,20.0,130.0,21.0,131.0,90.0,132.0,90.0,133.0,19.0,134.0,45.0,134.0,10.0,132.0,56.0,131.0,00.0,130.0,67.0,130.0,37.0,128.0,42.0,124.0,95.0,123.0,75.0,120.0,38.0,119.0,85.0,118.0,03.0,117.0,59.0,121.0,46.0
51 Mato Grosso,103.0,84.0,108.0,94.0,112.0,55.0,115.0,49.0,118.0,91.0,119.0,21.0,123.0,11.0,122.0,72.0,120.0,23.0,118.0,53.0,116.0,47.0,115.0,00.0,114.0,54.0,114.0,07.0,115.0,91.0,118.0,59.0,119.0,32.0,117.0,64.0,115.0,79.0,113.0,96.0,113.0,16.0,111.0,48.0,109.0,79.0,106.0,29.0,104.0,54.0,104.0,18.0,104.0,54.0,104.0,66.0,107.0,15.0
52 Goiás,94.0,81.0,106.0,11.0,108.0,19.0,111.0,34.0,109.0,02.0,108.0,94.0,109.0,55.0,109.0,30.0,108.0,00.0,108.0,51.0,109.0,59.0,111.0,17.0,113.0,02.0,112.0,05.0,112.0,68.0,113.0,31.0,112.0,40.0,111.0,32.0,110.0,57.0,109.0,11.0,107.0,47.0,105.0,58.0,105.0,55.0,105.0,22.0,105.0,08.0,104.0,45.0,102.0,75.0,101.0,20.0,100.0,77.0
53 Distrito Federal,112.0,19.0,108.0,57.0,105.0,76.0,102.0,67.0,106.0,64.0,111.0,78.0,113.0,11.0,114.0,78.0,115.0,23.0,118.0,85.0,123.0,07.0,127.0,07.0,131.0,53.0,134.0,90.0,136.0,21.0,134.0,70.0,134.0,94.0,135.0,06.0,135.0,31.0,134.0,61.0,133.0,25.0,132.0,45.0,131.0,97.0,132.0,36.0,133.0,00.0,134.0,80.0,135.0,89.0,136.0,86.0,139.0,22.0
